<?xml version='1.0' encoding='utf-8' ?>
<resources>
    <string name="about">حول</string>
    <string name="about_source_code">عرض كود المصدر في %1$s</string>
    <string name="action">الإجراء</string>
    <string name="androidx_startup">androidx.startup</string>
    <string name="app_profile_export_to_clipboard">التصدير إلى الحافظة</string>
    <string name="app_profile_import_export">استيراد/تصدير</string>
    <string name="app_profile_import_from_clipboard">الاستيراد من الحافظة</string>
    <string name="app_profile_template_create">إنشاء قالب</string>
    <string name="app_profile_template_delete">حذف</string>
    <string name="app_profile_template_description">الوصف</string>
    <string name="app_profile_template_edit">تحرير القالب</string>
    <string name="app_profile_template_export_empty">لا يمكن العثور على القالب المحلي للتصدير!</string>
    <string name="app_profile_template_id">المعرف</string>
    <string name="app_profile_template_id_exist">معرف القالب موجود بالفعل!</string>
    <string name="app_profile_template_id_invalid">معرف القالب غير صالح</string>
    <string name="app_profile_template_import_empty">الحافظة فارغة!</string>
    <string name="app_profile_template_import_success">تم الاستيراد بنجاح</string>
    <string name="app_profile_template_name">الاسم</string>
    <string name="app_profile_template_readonly">للقراءة فقط</string>
    <string name="app_profile_template_save">حفظ</string>
    <string name="app_profile_template_save_failed">فشل في حفظ النموذج</string>
    <string name="app_profile_template_sync">مزامنة القوالب عبر الإنترنت</string>
    <string name="app_profile_template_view">عرض القالب</string>
    <string name="call_notification_answer_action">ردّ</string>
    <string name="call_notification_answer_video_action">فيديو</string>
    <string name="call_notification_decline_action">رفض</string>
    <string name="call_notification_hang_up_action">قطع الاتصال</string>
    <string name="call_notification_incoming_text">مكالمة واردة</string>
    <string name="call_notification_ongoing_text">مكالمة جارية</string>
    <string name="call_notification_screening_text">يتم فحص المكالمة الواردة</string>
    <string name="cancel">الغاء</string>
    <string name="close">ايقاف</string>
    <string name="close_drawer">إغلاق قائمة التنقل</string>
    <string name="close_sheet">إغلاق الورقة</string>
    <string name="confirm">تأكيد</string>
    <string name="default_error_message">إدخال غير صالح</string>
    <string name="default_popup_window_title">نافذة منبثقة</string>
    <string name="direct_install">التثبيت المباشر (موصى به)</string>
    <string name="enable_web_debugging">تمكين تصحيح أخطاء WebView</string>
    <string name="enable_web_debugging_summary">يمكن استخدامه لتصحيح أخطاء WebUI. الرجاء التمكين فقط عند الحاجة.</string>
    <string name="export_log">سجلات التصدير</string>
    <string name="failed_to_update_app_profile">فشل تحديث الملف الشخصي للتطبيق لـ %s</string>
    <string name="failed_to_update_sepolicy">فشل تحديث قواعد SELinux لـ: %s</string>
    <string name="flash_failed">فشل الفلاش</string>
    <string name="flash_success">نجاح الفلاش</string>
    <string name="flashing">وامض</string>
    <string name="force_stop_app">قوة الإيقاف</string>
    <string name="grant_root_failed">فشل منح الجذر!</string>
    <string name="hide_system_apps">إخفاء تطبيقات النظام</string>
    <string name="home">الصفحة الرئيسية</string>
    <string name="home_android">إصدار Android</string>
    <string name="home_click_to_install">انقر للتثبيت</string>
    <string name="home_failure">لم يتم العثور على توقيع KernelSU Next v2 في kernel! [ !KSU_NEXT || != الحجم/التجزئة ]</string>
    <string name="home_failure_tip">اطلب من مطور النواة لديك دمج KernelSU Next!</string>
    <string name="home_kernel">إصدار النواة</string>
    <string name="home_magic_mount">الحامل السحري</string>
    <string name="home_manager_version">إصدار المدير</string>
    <string name="home_module_count">الاضافات: %d</string>
    <string name="home_module_mount">نظام الإضافة</string>
    <string name="home_not_installed">غير مثبت</string>
    <string name="home_overlayfs_mount">OverlayFS</string>
    <string name="home_selinux_status">حالة SELinux</string>
    <string name="home_superuser_count">المستخدمون المتميزون: %d</string>
    <string name="home_susfs">SuSFS: %s</string>
    <string name="home_susfs_version">إصدار SuSFS</string>
    <string name="home_working">العمل</string>
    <string name="home_working_version">الإصدار: %d</string>
    <string name="in_progress">قيد التقدم</string>
    <string name="indeterminate">تم وضع علامة في المربّع بشكل جزئي</string>
    <string name="install">تثبيت</string>
    <string name="install_inactive_slot">التثبيت في الفتحة غير النشطة (بعد OTA)</string>
    <string name="install_inactive_slot_warning">سوف يُجبر جهازك على التمهيد من الفتحة غير النشطة الحالية بعد إعادة التشغيل!
استخدم هذا الخيار فقط بعد انتهاء OTA.
هل تريد المتابعة؟</string>
    <string name="install_next">التالي</string>
    <string name="issue_report_body">هل واجهت خطأ ما أو لديك تعليقات؟</string>
    <string name="issue_report_body_2">أبلغ عنه في أقرب وقت ممكن!</string>
    <string name="issue_report_github">تقرير عن GitHub</string>
    <string name="issue_report_telegram">التواصل عبر التليجرام</string>
    <string name="issue_report_title">هل تواجه مشكلة؟</string>
    <string name="later">لاحقًا</string>
    <string name="launch_app">التشغيل</string>
    <string name="log_saved">السجلات المحفوظة</string>
    <string name="m3c_bottom_sheet_collapse_description">تصغير البطاقة السفلية</string>
    <string name="m3c_bottom_sheet_dismiss_description">إغلاق البطاقة السفلية</string>
    <string name="m3c_bottom_sheet_drag_handle_description">مقبض السحب</string>
    <string name="m3c_bottom_sheet_expand_description">توسيع البطاقة السفلية</string>
    <string name="m3c_bottom_sheet_pane_title">بطاقة سفلية</string>
    <string name="m3c_dialog">مربّع حوار</string>
    <string name="m3c_dropdown_menu_collapsed">مصغَّرة</string>
    <string name="m3c_dropdown_menu_expanded">موسَّعة</string>
    <string name="m3c_dropdown_menu_toggle">توسيع القائمة المنسدلة أو تصغيرها</string>
    <string name="module">الاضافات</string>
    <string name="module_author">المؤلف</string>
    <string name="module_backup">اضافة النسخ الاحتياطي</string>
    <string name="module_backup_message">النسخ الاحتياطي للاضافات المثبتة حاليًا.</string>
    <string name="module_changelog">سجل التغيير</string>
    <string name="module_changelog_failed">فشل جلب سجل التغيير: %s</string>
    <string name="module_downloading">تنزيل الاضافة: %s</string>
    <string name="module_empty">لم يتم تثبيت أي اضافة</string>
    <string name="module_failed_to_disable">فشل في تعطيل الإضافة: %s</string>
    <string name="module_failed_to_enable">فشل في تمكين الإضافة: %s</string>
    <string name="module_install">التثبيت</string>
    <string name="module_install_prompt_with_name">هل تريد متابعة تثبيت الإضافة %1$s؟</string>
    <string name="module_magisk_conflict">الاضافات غير متاحة بسبب وجود تعارض مع Magisk!</string>
    <string name="module_overlay_fs_not_available">الاضافات غير متاحة نظرًا لأن OverlayFS معطل بواسطة kernel.</string>
    <string name="module_restore">استعادة الاضافة</string>
    <string name="module_restore_confirm">هل أنت متأكد من أنك تريد استعادة الإضافة %s؟</string>
    <string name="module_restore_failed">فشلت الاستعادة: %s</string>
    <string name="module_restore_message">استعادة الاضافات من النسخة الاحتياطية الأخيرة.</string>
    <string name="module_restore_success">تمت استعادة %s</string>
    <string name="module_sort_a_to_z">الفرز (A-Z)</string>
    <string name="module_sort_z_to_a">الفرز (Z-A)</string>
    <string name="module_start_downloading">ابدأ التنزيل: %s</string>
    <string name="module_uninstall_confirm">هل أنت متأكد أنك تريد إلغاء تثبيت الإضافة %s؟</string>
    <string name="module_uninstall_failed">فشلت عملية الإزالة: %s</string>
    <string name="module_uninstall_success">تم إلغاء تثبيت %s</string>
    <string name="module_update">تحديث</string>
    <string name="module_version">الإصدار</string>
    <string name="navigation_menu">شبكة البث المباشر</string>
    <string name="new_version_available">الإصدار الجديد %s متاح، انقر للترقية.</string>
    <string name="not_selected">غير محدّد</string>
    <string name="open">افتح</string>
    <string name="proceed">تابع</string>
    <string name="profile">الملف الشخصي للتطبيق</string>
    <string name="profile_capabilities">الإمكانيات</string>
    <string name="profile_custom">مخصص</string>
    <string name="profile_default">الافتراضي</string>
    <string name="profile_groups">المجموعات</string>
    <string name="profile_name">اسم الملف الشخصي</string>
    <string name="profile_namespace">تركيب مساحة الاسم</string>
    <string name="profile_namespace_global">عام</string>
    <string name="profile_namespace_individual">فردي</string>
    <string name="profile_namespace_inherited">موروثة</string>
    <string name="profile_selinux_context">سياق SELinux</string>
    <string name="profile_selinux_domain">النطاق</string>
    <string name="profile_selinux_rules">القواعد</string>
    <string name="profile_template">القالب</string>
    <string name="profile_umount_modules">وحدات Umount</string>
    <string name="profile_umount_modules_summary">سيسمح تمكين هذا الخيار لـ KernelSU Next باستعادة أي ملفات معدلة بواسطة الاضافات النمطية لهذا التطبيق.</string>
    <string name="range_end">نهاية النطاق</string>
    <string name="range_start">بداية النطاق</string>
    <string name="reboot">إعادة التشغيل</string>
    <string name="reboot_bootloader">إعادة التشغيل إلى فاست بوت</string>
    <string name="reboot_download">أعد التشغيل داونلود مود</string>
    <string name="reboot_edl">إعادة التشغيل إلى EDL</string>
    <string name="reboot_message">ستصبح التغييرات نشطة بعد إعادة تشغيل النظام. هل تريد إعادة التشغيل الآن؟</string>
    <string name="reboot_recovery">إعادة التشغيل إلى الريكفري</string>
    <string name="reboot_required">إعادة التشغيل مطلوبة</string>
    <string name="reboot_to_apply">اعادة التشغيل للتنشيط</string>
    <string name="reboot_userspace">إعادة التشغيل سريعة</string>
    <string name="refresh">تحديث</string>
    <string name="require_kernel_version">الإصدار الحالي من KernelSU Next %d منخفض جدًا بحيث لا يمكن للمدير أن يعمل بشكل صحيح. الرجاء الترقية إلى الإصدار %d أو أعلى!</string>
    <string name="restart_app">إعادة التشغيل</string>
    <string name="restore">استعادة</string>
    <string name="safe_mode">الوضع الآمن</string>
    <string name="save_log">حفظ السجلات</string>
    <string name="scd_list_dialog_max_choices">حدد %1$d من الخيارات على الأكثر</string>
    <string name="select_file">حدد ملفًا</string>
    <string name="select_file_tip">يوصى باستخدام صورة القسم %1$s</string>
    <string name="select_kmi">حدد KMI</string>
    <string name="selected">مفرض</string>
    <string name="selected_lkm">LKM المحدد: %s</string>
    <string name="selinux_status_disabled">معطل</string>
    <string name="selinux_status_enforcing">التنفيذ</string>
    <string name="selinux_status_permissive">مسموح به</string>
    <string name="selinux_status_unknown">غير معروف</string>
    <string name="send_log">مشاركة السجلات</string>
    <string name="settings">الإعدادات</string>
    <string name="settings_check_update">التحقق من التحديث</string>
    <string name="settings_check_update_summary">التحقق تلقائيًا من وجود تحديثات عند فتح التطبيق.</string>
    <string name="settings_profile_template">قالب ملف تعريف التطبيق</string>
    <string name="settings_profile_template_summary">إدارة القالب المحلي وعبر الإنترنت لملف تعريف التطبيق</string>
    <string name="settings_restore_stock_image">استعادة الصورة المخزنة</string>
    <string name="settings_restore_stock_image_message">استعادة صورة المصنع المخزنة (في حالة وجود نسخة احتياطية)، تُستخدم عادةً قبل OTA؛ إذا كنت بحاجة إلى إلغاء تثبيت KernelSU Next، فيرجى استخدام "إلغاء التثبيت نهائيًا".</string>
    <string name="settings_susfs_toggle">إخفاء خطافات kprobe</string>
    <string name="settings_susfs_toggle_summary">يقوم بتعطيل خطافات kprobe التي تم إنشاؤها بواسطة ksu، وبدلاً من ذلك، يقوم بتنشيط الخطافات المضمنة غير kprobe، مع تنفيذ نفس الوظيفة التي سيتم تطبيقها على نواة غير GKI، والتي لا تدعم kprobe. </string>
    <string name="settings_umount_modules_default">وحدات Umount افتراضيًا</string>
    <string name="settings_umount_modules_default_summary">القيمة الافتراضية العامة لـ "وحدات Umount" في ملف تعريف التطبيق. إذا تم تمكينه، فسيؤدي ذلك إلى إزالة جميع تعديلات الإضافة النمطية على النظام للتطبيقات التي لا تحتوي على مجموعة ملفات تعريف.</string>
    <string name="settings_uninstall">إلغاء التثبيت</string>
    <string name="settings_uninstall_permanent">إلغاء التثبيت نهائيًا</string>
    <string name="settings_uninstall_permanent_message">إلغاء تثبيت KernelSU Next (الجذر وجميع الاضافات) بشكل كامل ودائم.</string>
    <string name="settings_uninstall_temporary">إلغاء التثبيت مؤقتًا</string>
    <string name="settings_uninstall_temporary_message">قم بإلغاء تثبيت KernelSU مؤقتًا، وبعد ذلك، استعد إلى حالته الأصلية بعد إعادة التشغيل التالية.</string>
    <string name="show_system_apps">إظهار تطبيقات النظام</string>
    <string name="shrink_sparse_image">تصغير الصورة المتفرقة</string>
    <string name="shrink_sparse_image_message">قم بتغيير حجم الصورة المتفرقة حيث توجد الإضافة إلى حجمها الفعلي. لاحظ أن هذا قد يتسبب في عمل الإضافة بشكل غير طبيعي، لذا يرجى استخدامها فقط عند الضرورة (مثل النسخ الاحتياطي).</string>
    <string name="state_empty">حقل فارغ</string>
    <string name="state_off">غير مفعَّل</string>
    <string name="state_on">مفعَّل</string>
    <string name="status_bar_notification_info_overflow">999+</string>
    <string name="superuser">المستخدم المتميز</string>
    <string name="switch_role">تبديل</string>
    <string name="tab">علامة تبويب</string>
    <string name="template_percent">%1$d في المئة.</string>
    <string name="tooltip_description">تلميح</string>
    <string name="tooltip_label">إظهار التلميح</string>
    <string name="unavailable">غير متاح</string>
    <string name="uninstall">إلغاء التثبيت</string>
    <string name="use_overlay_fs">استخدم OverlayFS (بيتا)</string>
    <string name="use_overlay_fs_summary">التبديل بين استخدام OverlayFS عبر Magic Mount لنظام تثبيت KernelSU Next.</string>
    <string name="warning">تحذير</string>
    <string name="warning_message">لا تزال هذه الميزة في مرحلة تجريبية وقيد التطوير. يرجى التأكد من عمل نسخة احتياطية من الاضافات النمطية الخاصة بك قبل المتابعة. استخدم هذه الميزة فقط إذا كنت تفهم المخاطر المحتملة. تابع بحذر.</string>
</resources>